<?xml version="1.0" encoding="UTF-8"?>
<project-private xmlns="http://www.netbeans.org/ns/project-private/1">
    <editor-bookmarks xmlns="http://www.netbeans.org/ns/editor-bookmarks/2" lastBookmarkId="0"/>
    <open-files xmlns="http://www.netbeans.org/ns/projectui-open-files/2">
        <group>
            <file>file:/home/joaopedro/Documentos/graduação/4º%20período/POO/Space-Invaders-Game_JAVA/Space-Invaders-Game_JAVA/Space-Invaders/src/space/invaders/Game.java</file>
            <file>file:/home/joaopedro/Documentos/graduação/4º%20período/POO/Space-Invaders-Game_JAVA/Space-Invaders-Game_JAVA/Space-Invaders/src/space/invaders/SpaceShip.java</file>
            <file>file:/home/joaopedro/Documentos/graduação/4º%20período/POO/Space-Invaders-Game_JAVA/Space-Invaders-Game_JAVA/Space-Invaders/src/space/invaders/Barrier.java</file>
            <file>file:/home/joaopedro/Documentos/graduação/4º%20período/POO/Space-Invaders-Game_JAVA/Space-Invaders-Game_JAVA/Space-Invaders/src/space/invaders/Shot.java</file>
            <file>file:/home/joaopedro/Documentos/graduação/4º%20período/POO/Space-Invaders-Game_JAVA/Space-Invaders-Game_JAVA/Space-Invaders/src/space/invaders/Character.java</file>
            <file>file:/home/joaopedro/Documentos/graduação/4º%20período/POO/Space-Invaders-Game_JAVA/Space-Invaders-Game_JAVA/Space-Invaders/src/space/invaders/SpaceInvaders.java</file>
            <file>file:/home/joaopedro/Documentos/graduação/4º%20período/POO/Space-Invaders-Game_JAVA/Space-Invaders-Game_JAVA/Space-Invaders/src/space/invaders/Alien.java</file>
            <file>file:/home/joaopedro/Documentos/graduação/4º%20período/POO/Space-Invaders-Game_JAVA/Space-Invaders-Game_JAVA/Space-Invaders/src/space/invaders/Exercito.java</file>
        </group>
    </open-files>
</project-private>
